Nome do País,Nota para Escada de Cantril,Log do PIB per capita,Suporte Social,Expectativa de Vida Saúdavel,Liberdade para Escolhas da Vida,Generosidade,Percepção de Corrupção,Ano
Afghanistan,4.758,7.647,0.539,51.6,0.6,0.121,0.707,2010
Albania,5.269,9.303,0.733,66.4,0.569,-0.172,0.726,2010
Argentina,6.441,10.066,0.927,67.3,0.73,-0.126,0.855,2010
Armenia,4.368,9.136,0.66,65.2,0.459,-0.176,0.891,2010
Australia,7.45,10.722,0.955,72.2,0.932,0.317,0.366,2010
Austria,7.303,10.861,0.914,71.4,0.896,0.131,0.546,2010
Azerbaijan,4.219,9.569,0.687,63.4,0.501,-0.123,0.858,2010
Bangladesh,4.858,7.967,0.549,60.7,0.659,-0.016,0.774,2010
Belarus,5.526,9.758,0.918,62.3,0.7,-0.163,0.706,2010
Belgium,6.854,10.779,0.931,70.8,0.807,0.022,0.697,2010
Bolivia,5.781,8.797,0.807,61.0,0.703,-0.068,0.781,2010
Bosnia and Herzegovina,4.669,9.312,0.773,66.7,0.365,-0.128,0.933,2010
Botswana,3.553,9.556,0.866,52.9,0.826,-0.143,0.814,2010
Brazil,6.837,9.607,0.906,64.5,0.806,-0.054,0.656,2010
Bulgaria,3.912,9.765,0.843,65.7,0.545,-0.144,0.941,2010
Burkina Faso,4.036,7.453,0.773,49.7,0.587,-0.036,0.767,2010
Cambodia,4.141,7.907,0.697,58.5,0.94,0.35,0.896,2010
Cameroon,4.554,8.035,0.759,48.3,0.792,0.002,0.875,2010
Canada,7.65,10.717,0.954,72.2,0.934,0.23,0.413,2010
Chad,3.743,7.457,0.734,45.1,0.505,0.025,0.858,2010
Chile,6.636,9.931,0.857,68.9,0.786,0.108,0.702,2010
China,4.653,9.092,0.768,67.6,0.805,-0.133,0.755,2010
Colombia,6.408,9.384,0.893,65.7,0.816,-0.05,0.815,2010
Costa Rica,7.271,9.675,0.915,69.7,0.881,0.047,0.763,2010
Croatia,5.596,10.091,0.796,67.9,0.564,-0.237,0.973,2010
Cyprus,6.387,10.551,0.822,72.4,0.755,0.073,0.833,2010
Denmark,7.771,10.839,0.975,70.4,0.944,0.242,0.175,2010
Dominican Republic,4.735,9.456,0.86,63.8,0.824,-0.075,0.78,2010
Ecuador,5.838,9.244,0.839,66.8,0.723,-0.063,0.806,2010
Egypt,4.669,9.244,0.769,60.0,0.486,-0.076,0.826,2010
El Salvador,6.74,8.9,0.757,64.2,0.669,-0.064,0.694,2010
Finland,7.393,10.734,0.935,70.4,0.916,0.091,0.413,2010
France,6.798,10.654,0.943,72.2,0.85,-0.104,0.623,2010
Georgia,4.102,9.184,0.54,64.8,0.558,-0.248,0.46,2010
Germany,6.725,10.756,0.939,70.9,0.843,0.095,0.688,2010
Ghana,4.606,8.225,0.739,54.1,0.891,0.074,0.875,2010
Greece,5.84,10.433,0.868,71.5,0.484,-0.303,0.954,2010
Guatemala,6.29,8.901,0.859,62.1,0.696,0.166,0.795,2010
Honduras,5.866,8.49,0.803,65.5,0.646,0.105,0.82,2010
Hungary,4.725,10.106,0.896,65.6,0.514,-0.145,0.983,2010
India,4.989,8.349,0.605,57.4,0.783,0.058,0.863,2010
Indonesia,5.457,9.022,0.816,60.4,0.7,0.448,0.954,2010
Ireland,7.257,10.879,0.973,71.5,0.856,0.348,0.618,2010
Israel,7.359,10.461,0.882,72.4,0.561,0.15,0.902,2010
Italy,6.354,10.666,0.872,72.8,0.738,-0.06,0.921,2010
Japan,6.057,10.532,0.902,73.8,0.772,-0.14,0.77,2010
Jordan,5.57,9.317,0.918,64.7,0.788,-0.046,0.705,2010
Kazakhstan,5.514,9.94,0.904,60.2,0.785,-0.215,0.823,2010
Kenya,4.256,8.111,0.805,55.5,0.635,0.019,0.918,2010
Kosovo,5.177,9.033,0.708,63.813,0.451,0.17,0.967,2010
Kyrgyzstan,4.996,8.329,0.885,61.1,0.72,-0.072,0.926,2010
Lebanon,5.032,9.878,0.721,65.2,0.678,0.073,0.949,2010
Lithuania,5.066,10.085,0.882,64.5,0.519,-0.275,0.962,2010
Luxembourg,7.097,11.592,0.952,71.7,0.908,0.096,0.423,2010
Mali,3.762,7.642,0.751,48.4,0.749,-0.028,0.811,2010
Malta,5.774,10.361,0.908,71.6,0.802,0.287,0.6652857142857143,2010
Mauritania,4.772,8.47,0.857,54.5,0.669,0.055,0.727,2010
Mexico,6.802,9.788,0.876,66.5,0.778,-0.048,0.693,2010
Moldova,5.59,9.054,0.847,61.3,0.598,-0.088,0.929,2010
Mongolia,4.586,8.92,0.904,60.2,0.631,0.099,0.928,2010
Montenegro,5.455,9.724,0.805,67.1,0.552,-0.206,0.757,2010
Nepal,4.35,7.765,0.779,59.2,0.519,0.092,0.911,2010
Netherlands,7.502,10.864,0.957,71.4,0.921,0.349,0.399,2010
New Zealand,7.224,10.52,0.976,72.0,0.918,0.254,0.321,2010
Nicaragua,5.687,8.436,0.863,65.5,0.792,0.018,0.802,2010
Niger,4.101,6.941,0.655,49.4,0.817,-0.023,0.529,2010
North Macedonia,4.18,9.496,0.687,64.502,0.513,-0.058,0.856,2010
Pakistan,5.786,8.27,0.571,56.2,0.364,0.3,0.852,2010
Palestinian Territories,4.703,8.383,0.822,62.25,0.504,-0.117,0.752,2010
Panama,7.321,9.969,0.928,68.3,0.755,-0.009,0.88,2010
Peru,5.613,9.217,0.812,66.3,0.757,-0.06,0.881,2010
Philippines,4.942,8.686,0.805,60.6,0.893,0.033,0.812,2010
Poland,5.887,10.085,0.955,67.3,0.795,0.002,0.905,2010
Portugal,5.095,10.368,0.864,70.8,0.721,-0.106,0.948,2010
Romania,4.909,9.915,0.689,65.2,0.566,-0.085,0.974,2010
Russia,5.385,10.087,0.909,61.0,0.613,-0.296,0.937,2010
Saudi Arabia,6.307,10.693,0.88,64.4,0.678,-0.033,0.684,2010
Senegal,4.372,7.917,0.76,56.1,0.777,-0.077,0.851,2010
Serbia,4.461,9.579,0.726,66.2,0.463,-0.17,0.965,2010
Slovakia,6.052,10.169,0.92,66.8,0.636,-0.101,0.907,2010
Slovenia,6.083,10.419,0.917,69.2,0.896,0.029,0.845,2010
South Africa,4.652,9.43,0.917,50.5,0.739,-0.202,0.791,2010
South Korea,6.116,10.447,0.816,71.4,0.677,-0.033,0.752,2010
Spain,6.188,10.529,0.95,72.9,0.796,-0.138,0.84,2010
Sweden,7.496,10.79,0.97,71.9,0.905,0.141,0.253,2010
Taiwan Province of China,6.229,10.691,0.831,69.6,0.677,0.005,0.821,2010
Tajikistan,4.381,7.723,0.759,62.4,0.784,0.062,0.679,2010
Tanzania,3.229,7.604,0.813,52.3,0.597,0.139,0.866,2010
Thailand,6.217,9.576,0.898,65.5,0.86,0.536,0.917,2010
Tunisia,5.131,9.222,0.863,65.1,0.624,-0.135,0.732,2010
Turkey,5.49,9.906,0.795,64.4,0.515,-0.187,0.811,2010
Uganda,4.193,7.528,0.83,50.4,0.801,-0.015,0.855,2010
Ukraine,5.058,9.374,0.884,62.2,0.484,-0.189,0.954,2010
United Arab Emirates,7.097,10.914,0.912,66.4,0.878,0.057,0.355,2010
United Kingdom,7.029,10.649,0.955,71.3,0.841,0.403,0.587,2010
United States,7.164,10.905,0.926,68.7,0.828,0.244,0.69,2010
Uruguay,6.062,9.782,0.893,68.0,0.832,-0.158,0.471,2010
Uzbekistan,5.095,8.445,0.903,63.2,0.9611000000000001,-0.03,0.519,2010
Venezuela,7.478,9.717,0.932,65.7,0.768,-0.155,0.754,2010
Vietnam,5.296,8.535,0.787,66.5,0.831,-0.006,0.743,2010
Yemen,4.35,8.453,0.727,54.3,0.659,-0.104,0.853,2010
Zimbabwe,4.682,7.729,0.857,46.7,0.665,-0.093,0.828,2010
Afghanistan,3.832,7.62,0.521,51.92,0.496,0.162,0.731,2011
Albania,5.867,9.331,0.759,66.68,0.487,-0.205,0.877,2011
Argentina,6.776,10.112,0.889,67.48,0.816,-0.174,0.755,2011
Armenia,4.26,9.182,0.705,65.36,0.465,-0.225,0.875,2011
Australia,7.406,10.733,0.967,72.3,0.945,0.369,0.382,2011
Austria,7.471,10.887,0.944,71.54,0.939,0.132,0.703,2011
Azerbaijan,4.68,9.54,0.725,63.64,0.537,-0.105,0.795,2011
Bangladesh,4.986,8.018,0.606,61.12,0.838,-0.069,0.757,2011
Belarus,5.225,9.812,0.91,62.88,0.656,-0.168,0.672,2011
Belgium,7.111,10.783,0.937,70.92,0.88,-0.014,0.711,2011
Bolivia,5.779,8.831,0.817,61.34,0.782,-0.039,0.825,2011
Bosnia and Herzegovina,4.995,9.333,0.725,66.74,0.333,-0.035,0.925,2011
Botswana,3.52,9.6,0.86,53.68,0.813,-0.25,0.816,2011
Brazil,7.038,9.637,0.916,64.76,0.834,-0.072,0.662,2011
Bulgaria,3.875,9.795,0.86,65.8,0.664,-0.228,0.948,2011
Burkina Faso,4.785,7.487,0.71,50.24,0.725,-0.105,0.707,2011
Cambodia,4.161,7.96,0.716,58.88,0.927,0.418,0.775,2011
Cameroon,4.434,8.048,0.738,48.7,0.817,-0.029,0.87,2011
Canada,7.426,10.738,0.922,72.36,0.951,0.253,0.433,2011
Chad,4.393,7.425,0.819,45.42,0.54,0.031,0.876,2011
Chile,6.526,9.98,0.819,69.04,0.701,0.112,0.753,2011
China,5.037,9.179,0.787,67.76,0.824,-0.186,0.755,2011
Colombia,6.464,9.442,0.904,65.92,0.811,-0.073,0.847,2011
Costa Rica,7.229,9.705,0.892,69.9,0.926,-0.033,0.837,2011
Croatia,5.385,10.091,0.79,68.0,0.517,-0.198,0.977,2011
Cyprus,6.69,10.53,0.844,72.54,0.745,0.18,0.841,2011
Denmark,7.788,10.848,0.962,70.62,0.935,0.298,0.22,2011
Dominican Republic,5.397,9.475,0.872,64.02,0.848,0.014,0.788,2011
Ecuador,5.795,9.304,0.818,66.96,0.788,-0.155,0.702,2011
Egypt,4.174,9.24,0.753,60.16,0.59,-0.151,0.859,2011
El Salvador,4.741,8.933,0.731,64.4,0.747,-0.126,0.707,2011
Finland,7.354,10.754,0.938,70.64,0.936,0.101,0.32,2011
France,6.959,10.671,0.921,72.4,0.903,-0.102,0.627,2011
Georgia,4.203,9.263,0.503,64.86,0.632,-0.255,0.353,2011
Germany,6.621,10.813,0.947,70.98,0.906,0.033,0.677,2011
Ghana,5.608,8.332,0.724,54.48,0.852,0.011,0.79,2011
Greece,5.372,10.339,0.852,71.56,0.528,-0.316,0.941,2011
Guatemala,5.743,8.923,0.768,62.46,0.763,0.009,0.863,2011
Honduras,4.961,8.508,0.766,65.72,0.783,0.095,0.884,2011
Hungary,4.918,10.127,0.894,65.76,0.631,-0.089,0.94,2011
India,4.635,8.387,0.553,57.7,0.838,-0.038,0.908,2011
Indonesia,5.173,9.069,0.825,60.62,0.878,0.438,0.962,2011
Ireland,7.007,10.878,0.977,71.6,0.952,0.383,0.59,2011
Israel,7.433,10.489,0.893,72.46,0.722,0.141,0.891,2011
Italy,6.057,10.671,0.913,72.84,0.568,-0.018,0.933,2011
Japan,6.263,10.532,0.917,73.98,0.814,-0.052,0.734,2011
Jordan,5.539,9.289,0.878,65.0,0.76,-0.143,0.705,2011
Kazakhstan,5.736,9.997,0.905,60.72,0.878,-0.235,0.802,2011
Kenya,4.405,8.143,0.846,56.06,0.709,0.022,0.923,2011
Kosovo,4.86,9.067,0.759,63.813,0.589,0.004,0.919,2011
Kyrgyzstan,4.921,8.374,0.891,61.52,0.748,-0.155,0.932,2011
Lebanon,5.188,9.838,0.733,65.28,0.657,0.006,0.911,2011
Lithuania,5.432,10.167,0.911,64.7,0.566,-0.148,0.964,2011
Luxembourg,7.101,11.595,0.934,71.88,0.962,0.106,0.388,2011
Mali,4.667,7.643,0.796,48.76,0.823,-0.101,0.726,2011
Malta,6.155,10.37,0.923,71.72,0.882,0.296,0.6652857142857143,2011
Mauritania,4.785,8.481,0.75,54.82,0.567,0.052,0.747,2011
Mexico,6.91,9.81,0.824,66.68,0.831,-0.099,0.698,2011
Moldova,5.792,9.111,0.869,61.62,0.628,-0.082,0.957,2011
Mongolia,5.031,9.061,0.948,60.5,0.7,0.151,0.931,2011
Montenegro,5.223,9.755,0.818,67.26,0.546,-0.226,0.762,2011
Nepal,3.809,7.797,0.741,59.4,0.525,-0.01,0.935,2011
Netherlands,7.564,10.875,0.938,71.52,0.925,0.336,0.359,2011
New Zealand,7.191,10.536,0.954,72.12,0.935,0.284,0.269,2011
Nicaragua,5.386,8.484,0.8,65.72,0.779,-0.02,0.76,2011
Niger,4.556,6.925,0.818,49.92,0.78,-0.055,0.549,2011
North Macedonia,4.898,9.518,0.784,64.661,0.607,-0.087,0.865,2011
Pakistan,5.267,8.276,0.51,56.42,0.376,0.03,0.857,2011
Palestinian Territories,4.751,8.474,0.751,62.25,0.522,-0.127,0.75,2011
Panama,7.248,10.059,0.876,68.5,0.829,0.009,0.84,2011
Peru,5.892,9.27,0.756,66.48,0.773,-0.123,0.824,2011
Philippines,4.994,8.707,0.789,60.8,0.883,0.073,0.783,2011
Poland,5.646,10.133,0.905,67.46,0.868,-0.067,0.908,2011
Portugal,5.22,10.353,0.856,71.0,0.875,-0.173,0.962,2011
Romania,5.023,9.94,0.753,65.42,0.65,-0.14,0.964,2011
Russia,5.389,10.129,0.883,61.42,0.626,-0.279,0.935,2011
Saudi Arabia,6.7,10.758,0.83,64.6,0.603,-0.142,0.684,2011
Senegal,3.834,7.904,0.602,56.56,0.641,-0.16,0.87,2011
Serbia,4.815,9.607,0.773,66.36,0.44,-0.185,0.977,2011
Slovakia,5.945,10.196,0.917,67.04,0.727,0.01,0.907,2011
Slovenia,6.036,10.426,0.931,69.4,0.907,-0.025,0.893,2011
South Africa,4.931,9.447,0.858,51.46,0.835,-0.154,0.819,2011
South Korea,6.947,10.475,0.809,71.66,0.682,-0.048,0.827,2011
Spain,6.518,10.518,0.944,73.02,0.819,-0.122,0.846,2011
Sweden,7.382,10.814,0.921,71.98,0.941,0.161,0.269,2011
Taiwan Province of China,6.309,10.705,0.863,69.6,0.761,0.035,0.755,2011
Tajikistan,4.263,7.772,0.751,62.56,0.776,-0.119,0.672,2011
Tanzania,4.074,7.649,0.883,53.04,0.736,-0.046,0.816,2011
Thailand,6.664,9.579,0.884,65.72,0.927,0.4,0.923,2011
Tunisia,4.876,9.192,0.715,65.28,0.603,-0.199,0.913,2011
Turkey,5.272,9.996,0.692,64.64,0.446,-0.242,0.649,2011
Uganda,4.826,7.586,0.882,51.22,0.733,0.032,0.83,2011
Ukraine,5.083,9.431,0.859,62.5,0.579,-0.228,0.933,2011
United Arab Emirates,7.119,10.935,0.881,66.42,0.889,0.071,0.472,2011
United Kingdom,6.869,10.657,0.949,71.38,0.9,0.336,0.438,2011
United States,7.115,10.913,0.922,68.68,0.863,0.161,0.697,2011
Uruguay,6.554,9.83,0.891,68.14,0.851,-0.08,0.556,2011
Uzbekistan,5.739,8.493,0.924,63.4,0.934,0.042,0.522,2011
Venezuela,6.58,9.822,0.931,65.74,0.766,-0.226,0.772,2011
Vietnam,5.767,8.585,0.898,66.66,0.818,0.105,0.742,2011
Yemen,3.746,8.336,0.663,54.3,0.638,-0.173,0.754,2011
Zimbabwe,4.846,7.846,0.865,48.12,0.633,-0.088,0.83,2011
Afghanistan,3.783,7.705,0.521,52.24,0.531,0.236,0.776,2012
Albania,5.51,9.347,0.785,66.96,0.602,-0.169,0.848,2012
Argentina,6.468,10.091,0.902,67.66,0.747,-0.148,0.817,2012
Armenia,4.32,9.249,0.676,65.52,0.502,-0.215,0.893,2012
Australia,7.196,10.754,0.945,72.4,0.935,0.274,0.368,2012
Austria,7.401,10.889,0.945,71.68,0.92,0.118,0.771,2012
Azerbaijan,4.911,9.549,0.762,63.88,0.599,-0.14,0.763,2012
Bangladesh,4.724,8.07,0.582,61.54,0.668,-0.034,0.765,2012
Belarus,5.749,9.83,0.902,63.46,0.645,-0.217,0.657,2012
Belgium,6.935,10.784,0.927,71.04,0.855,-0.05,0.758,2012
Bolivia,6.019,8.865,0.781,61.68,0.862,-0.015,0.84,2012
Bosnia and Herzegovina,4.773,9.342,0.779,66.78,0.42,-0.013,0.953,2012
Botswana,4.836,9.632,0.837,54.46,0.799,-0.203,0.814,2012
Brazil,6.66,9.647,0.89,65.02,0.849,-0.0877,0.623,2012
Bulgaria,4.222,9.804,0.838,65.9,0.641,-0.172,0.938,2012
Burkina Faso,3.955,7.52,0.744,50.78,0.622,-0.07,0.726,2012
Cambodia,3.899,8.014,0.606,59.26,0.956,0.247,0.89,2012
Cameroon,4.245,8.065,0.743,49.1,0.766,-0.032,0.898,2012
Canada,7.415,10.744,0.948,72.52,0.918,0.29,0.466,2012
Chad,4.033,7.476,0.673,45.74,0.563,-0.034,0.884,2012
Chile,6.599,10.023,0.855,69.18,0.734,0.195,0.782,2012
China,5.095,9.249,0.788,67.92,0.808,-0.185,0.755,2012
Colombia,6.375,9.471,0.914,66.14,0.828,-0.009,0.868,2012
Costa Rica,7.272,9.74,0.902,70.1,0.929,0.046,0.794,2012
Croatia,6.028,10.072,0.776,68.1,0.542,-0.242,0.924,2012
Cyprus,6.181,10.479,0.767,72.68,0.725,0.098,0.871,2012
Denmark,7.52,10.846,0.951,70.84,0.933,0.139,0.187,2012
Dominican Republic,4.753,9.489,0.879,64.24,0.84,-0.062,0.727,2012
Ecuador,5.961,9.344,0.785,67.12,0.825,-0.084,0.73,2012
Egypt,4.204,9.24,0.737,60.32,0.452,-0.138,0.88,2012
El Salvador,5.934,8.956,0.806,64.6,0.683,-0.155,0.786,2012
Finland,7.42,10.735,0.928,70.88,0.921,-0.001,0.361,2012
France,6.649,10.669,0.937,72.6,0.841,-0.149,0.608,2012
Georgia,4.254,9.332,0.533,64.92,0.659,-0.269,0.321,2012
Germany,6.702,10.816,0.926,71.06,0.904,0.071,0.679,2012
Ghana,5.057,8.397,0.685,54.86,0.679,0.04,0.898,2012
Greece,5.096,10.268,0.812,71.62,0.373,-0.305,0.959,2012
Guatemala,5.856,8.935,0.802,62.82,0.865,0.02,0.821,2012
Honduras,4.602,8.53,0.779,65.94,0.7,-0.003,0.871,2012
Hungary,4.683,10.117,0.906,65.92,0.569,-0.136,0.93,2012
India,4.72,8.428,0.511,58.0,0.609,0.067,0.83,2012
Indonesia,5.368,9.114,0.834,60.84,0.77,0.354,0.962,2012
Ireland,6.965,10.876,0.962,71.7,0.902,0.302,0.573,2012
Israel,7.111,10.493,0.903,72.52,0.681,0.153,0.862,2012
Italy,5.839,10.638,0.869,72.88,0.57,0.113,0.908,2012
Japan,5.968,10.549,0.905,74.16,0.753,-0.1675,0.692,2012
Jordan,5.132,9.261,0.829,65.3,0.693,-0.16,0.705,2012
Kazakhstan,5.759,10.03,0.892,61.24,0.84,-0.171,0.877,2012
Kenya,4.547,8.161,0.831,56.62,0.628,0.066,0.911,2012
Kosovo,5.64,9.086,0.757,63.813,0.636,0.027,0.95,2012
Kyrgyzstan,5.208,8.357,0.856,61.94,0.703,-0.079,0.892,2012
Lebanon,4.573,9.8,0.713,65.36,0.621,-0.006,0.856,2012
Lithuania,5.771,10.218,0.919,64.9,0.503,-0.273,0.957,2012
Luxembourg,6.964,11.567,0.914,72.06,0.917,0.059,0.403,2012
Mali,4.313,7.605,0.823,49.12,0.704,-0.088,0.787,2012
Malta,5.963,10.389,0.922,71.84,0.861,0.352,0.6652857142857143,2012
Mauritania,4.673,8.495,0.763,55.14,0.487,-0.021,0.707,2012
Mexico,7.32,9.832,0.767,66.86,0.788,-0.093,0.633,2012
Moldova,5.996,9.105,0.826,61.94,0.602,-0.05,0.955,2012
Mongolia,4.885,9.158,0.919,60.8,0.688,0.107,0.932,2012
Montenegro,5.219,9.726,0.704,67.42,0.462,-0.192,0.755,2012
Nepal,4.233,7.846,0.734,59.6,0.638,0.07,0.883,2012
Netherlands,7.471,10.861,0.939,71.64,0.877,0.288,0.434,2012
New Zealand,7.25,10.553,0.93,72.24,0.902,0.287,0.289,2012
Nicaragua,5.448,8.534,0.894,65.94,0.85,0.017,0.644,2012
Niger,3.798,6.987,0.7,50.44,0.734,-0.064,0.777,2012
North Macedonia,4.64,9.513,0.798,64.811,0.613,-0.084,0.92,2012
Pakistan,5.132,8.289,0.542,56.64,0.367,0.165,0.842,2012
Palestinian Territories,4.647,8.531,0.782,62.25,0.542,-0.153,0.73,2012
Panama,6.86,10.135,0.897,68.7,0.783,-0.002,0.796,2012
Peru,5.825,9.322,0.764,66.66,0.703,-0.079,0.867,2012
Philippines,5.002,8.756,0.813,61.0,0.914,0.053,0.771,2012
Poland,5.876,10.149,0.936,67.62,0.811,-0.027,0.888,2012
Portugal,4.994,10.315,0.866,71.2,0.774,-0.097,0.959,2012
Romania,5.167,9.965,0.74,65.64,0.645,-0.112,0.959,2012
Russia,5.621,10.166,0.901,61.84,0.609,-0.293,0.938,2012
Saudi Arabia,6.396,10.779,0.867,64.8,0.56,-0.12,0.684,2012
Senegal,3.669,7.926,0.711,57.02,0.668,-0.036,0.852,2012
Serbia,5.155,9.605,0.819,66.52,0.461,-0.13,0.952,2012
Slovakia,5.911,10.213,0.926,67.28,0.62,-0.028,0.907,2012
Slovenia,6.063,10.397,0.925,69.6,0.904,-0.02,0.891,2012
South Africa,5.134,9.453,0.907,52.42,0.59,-0.163,0.838,2012
South Korea,6.003,10.494,0.775,71.92,0.618,-0.0397,0.844,2012
Spain,6.291,10.487,0.937,73.14,0.755,-0.059,0.844,2012
Sweden,7.56,10.8,0.929,72.06,0.944,0.132,0.254,2012
Taiwan Province of China,6.126,10.716,0.825,69.6,0.698,0.022,0.803,2012
Tajikistan,4.497,7.821,0.729,62.72,0.749,-0.073,0.717,2012
Tanzania,4.007,7.663,0.832,53.78,0.577,0.213,0.887,2012
Thailand,6.3,9.645,0.906,65.94,0.847,0.38,0.909,2012
Tunisia,4.464,9.222,0.614,65.46,0.568,-0.176,0.899,2012
Turkey,5.309,10.026,0.739,64.88,0.471,-0.216,0.702,2012
Uganda,4.309,7.592,0.885,52.04,0.649,0.081,0.838,2012
Ukraine,5.03,9.436,0.898,62.8,0.564,-0.223,0.896,2012
United Arab Emirates,7.218,10.958,0.856,66.44,0.92,0.116625,0.472,2012
United Kingdom,6.881,10.664,0.935,71.46,0.889,0.371,0.425,2012
United States,7.026,10.928,0.903,68.66,0.823,0.215,0.71,2012
Uruguay,6.45,9.861,0.865,68.28,0.871,0.067,0.615,2012
Uzbekistan,6.019,8.55,0.933,63.6,0.914,-0.037,0.463,2012
Venezuela,7.067,9.826,0.932,65.78,0.804,-0.193,0.743,2012
Vietnam,5.535,8.626,0.775,66.82,0.856,-0.11,0.815,2012
Yemen,4.061,8.236,0.682,54.3,0.706,-0.171,0.793,2012
Zimbabwe,4.955,7.983,0.896,49.54,0.47,-0.103,0.859,2012
Afghanistan,3.572,7.725,0.484,52.56,0.578,0.061,0.823,2013
Albania,4.551,9.359,0.759,67.24,0.632,-0.127,0.863,2013
Argentina,6.582,10.103,0.91,67.84,0.737,-0.13,0.823,2013
Armenia,4.277,9.277,0.723,65.68,0.504,-0.195,0.9,2013
Australia,7.364,10.762,0.928,72.5,0.933,0.269,0.432,2013
Austria,7.499,10.883,0.95,71.82,0.922,0.168,0.679,2013
Azerbaijan,5.481,9.592,0.77,64.12,0.672,-0.168,0.699,2013
Bangladesh,4.66,8.116,0.53,61.96,0.742,-0.016,0.743,2013
Belarus,5.876,9.839,0.923,64.04,0.723,-0.177,0.653,2013
Belgium,7.104,10.784,0.909,71.16,0.891,0.017,0.574,2013
Bolivia,5.767,8.915,0.803,62.02,0.846,-0.067,0.812,2013
Bosnia and Herzegovina,5.124,9.382,0.767,66.82,0.39,0.042,0.97,2013
Botswana,4.128,9.728,0.856,55.24,0.767,-0.154,0.749,2013
Brazil,7.14,9.668,0.91,65.28,0.785,-0.095,0.707,2013
Bulgaria,3.993,9.813,0.829,66.0,0.603,-0.191,0.962,2013
Burkina Faso,3.326,7.546,0.745,51.32,0.741,-0.016,0.765,2013
Cambodia,3.674,8.068,0.651,59.64,0.941,0.164,0.812,2013
Cameroon,4.271,8.09,0.76,49.5,0.794,-0.03,0.867,2013
Canada,7.594,10.757,0.936,72.68,0.916,0.316,0.406,2013
Chad,3.508,7.498,0.714,46.06,0.488,-0.045,0.882,2013
Chile,6.74,10.053,0.862,69.32,0.737,0.085,0.741,2013
China,5.241,9.319,0.778,68.08,0.805,-0.158,0.755,2013
Colombia,6.607,9.512,0.901,66.36,0.841,-0.071,0.898,2013
Costa Rica,7.158,9.751,0.902,70.3,0.898,0.018,0.813,2013
Croatia,5.885,10.069,0.751,68.2,0.627,-0.204,0.936,2013
Cyprus,5.439,10.414,0.744,72.82,0.656,0.102,0.867,2013
Denmark,7.589,10.851,0.965,71.06,0.92,0.215,0.17,2013
Dominican Republic,5.016,9.525,0.878,64.46,0.889,0.021,0.752,2013
Ecuador,6.019,9.377,0.801,67.28,0.787,-0.191,0.646,2013
Egypt,3.559,9.239,0.675,60.48,0.474,-0.141,0.913,2013
El Salvador,6.325,8.974,0.827,64.8,0.716,-0.15,0.772,2013
Finland,7.445,10.722,0.941,71.12,0.919,0.04,0.306,2013
France,6.667,10.669,0.908,72.8,0.878,-0.125,0.699,2013
Georgia,4.349,9.371,0.559,64.98,0.722,-0.254,0.349,2013
Germany,6.965,10.817,0.931,71.14,0.894,0.024,0.566,2013
Ghana,4.965,8.445,0.676,55.24,0.794,-0.065,0.88,2013
Greece,4.72,10.243,0.687,71.68,0.426,-0.272,0.941,2013
Guatemala,5.985,8.953,0.83,63.18,0.884,0.045,0.817,2013
Honduras,4.713,8.54,0.792,66.16,0.698,-0.027,0.868,2013
Hungary,4.914,10.14,0.877,66.08,0.674,-0.113,0.912,2013
India,4.428,8.478,0.553,58.3,0.74,0.084,0.832,2013
Indonesia,5.292,9.155,0.794,61.06,0.781,0.376,0.973,2013
Ireland,6.76,10.884,0.955,71.8,0.884,0.331,0.558,2013
Israel,7.321,10.515,0.909,72.58,0.739,0.15,0.849,2013
Italy,6.009,10.608,0.916,72.92,0.499,-0.102,0.943,2013
Japan,5.959,10.57,0.924,74.34,0.821,-0.147,0.65,2013
Jordan,5.172,9.237,0.84,65.6,0.692,-0.117,0.705,2013
Kazakhstan,5.835,10.074,0.889,61.76,0.782,-0.229,0.82,2013
Kenya,3.795,8.192,0.825,57.18,0.708,0.212,0.861,2013
Kosovo,6.126,9.113,0.721,63.813,0.568,0.115,0.935,2013
Kyrgyzstan,5.402,8.441,0.851,62.36,0.755,-0.085,0.9,2013
Lebanon,4.983,9.772,0.708,65.44,0.655,-0.004,0.921,2013
Lithuania,5.596,10.263,0.913,65.1,0.556,-0.237,0.936,2013
Luxembourg,7.131,11.58,0.917,72.24,0.79,-0.054,0.301,2013
Mali,3.676,7.599,0.82,49.48,0.665,-0.053,0.755,2013
Malta,6.38,10.422,0.942,71.96,0.909,0.41,0.6652857142857143,2013
Mauritania,4.199,8.506,0.741,55.46,0.603,-0.079,0.676,2013
Mexico,7.443,9.832,0.759,67.04,0.739,-0.165,0.615,2013
Moldova,5.756,9.192,0.803,62.26,0.658,-0.069,0.941,2013
Mongolia,4.913,9.248,0.935,61.1,0.748,0.136,0.928,2013
Montenegro,5.074,9.76,0.736,67.58,0.502,-0.176,0.693,2013
Nepal,4.605,7.889,0.74,59.8,0.722,0.151,0.877,2013
Netherlands,7.407,10.857,0.925,71.76,0.919,0.305,0.505,2013
New Zealand,7.28,10.571,0.958,72.36,0.944,0.237,0.312,2013
Nicaragua,5.772,8.569,0.868,66.16,0.859,0.039,0.636,2013
Niger,3.716,7.002,0.696,50.96,0.825,-0.077,0.711,2013
North Macedonia,5.186,9.541,0.832,64.942,0.641,0.025,0.861,2013
Pakistan,5.138,8.311,0.607,56.86,0.448,0.1,0.792,2013
Palestinian Territories,4.844,8.489,0.761,62.25,0.454,-0.15,0.78,2013
Panama,6.866,10.184,0.896,68.9,0.811,0.018,0.814,2013
Peru,5.783,9.369,0.797,66.84,0.703,-0.066,0.87,2013
Philippines,4.977,8.805,0.846,61.2,0.907,0.021,0.756,2013
Poland,5.746,10.164,0.912,67.78,0.776,-0.137,0.916,2013
Portugal,5.158,10.312,0.867,71.4,0.788,-0.118,0.946,2013
Romania,5.082,10.004,0.778,65.86,0.655,-0.129,0.952,2013
Russia,5.537,10.182,0.881,62.26,0.661,-0.289,0.934,2013
Saudi Arabia,6.495,10.776,0.827,65.0,0.661,-0.081,0.684,2013
Senegal,3.647,7.926,0.823,57.48,0.636,-0.052,0.837,2013
Serbia,5.102,9.638,0.828,66.68,0.533,-0.1,0.908,2013
Slovakia,5.937,10.218,0.909,67.52,0.598,-0.051,0.915,2013
Slovenia,5.975,10.385,0.932,69.8,0.89,0.036,0.918,2013
South Africa,3.661,9.461,0.839,53.38,0.714,-0.077,0.8,2013
South Korea,5.959,10.52,0.797,72.18,0.642,-0.05,0.832,2013
Spain,6.15,10.476,0.929,73.26,0.759,-0.101,0.916,2013
Sweden,7.434,10.804,0.916,72.14,0.936,0.159,0.324,2013
Taiwan Province of China,6.34,10.75,0.817,69.6,0.69,0.002,0.841,2013
Tajikistan,4.967,7.87,0.701,62.88,0.693,0.063,0.764,2013
Tanzania,3.852,7.699,0.803,54.52,0.654,0.054,0.859,2013
Thailand,6.231,9.667,0.926,66.16,0.781,0.456,0.925,2013
Tunisia,5.246,9.24,0.648,65.64,0.536,-0.207,0.886,2013
Turkey,4.888,10.091,0.795,65.12,0.541,-0.229,0.698,2013
Uganda,3.71,7.595,0.878,52.86,0.763,0.053,0.82,2013
Ukraine,4.711,9.438,0.897,63.1,0.569,-0.216,0.937,2013
United Arab Emirates,6.621,11.001,0.864,66.46,0.936,0.116625,0.472,2013
United Kingdom,6.918,10.679,0.937,71.54,0.905,0.346,0.568,2013
United States,7.249,10.939,0.925,68.64,0.792,0.274,0.747,2013
Uruguay,6.444,9.904,0.917,68.42,0.888,-0.043,0.586,2013
Uzbekistan,5.94,8.607,0.963,63.8,0.95,-0.034,0.434,2013
Venezuela,6.553,9.739,0.896,65.82,0.642,-0.22,0.837,2013
Vietnam,5.023,8.668,0.759,66.98,0.92,-0.027,0.771,2013
Yemen,4.218,8.242,0.694,54.3,0.543,-0.179,0.885,2013
Zimbabwe,4.69,7.985,0.799,50.96,0.576,-0.104,0.831,2013
Afghanistan,3.131,7.718,0.526,52.88,0.509,0.104,0.871,2014
Albania,4.814,9.378,0.626,67.52,0.735,-0.025,0.883,2014
Argentina,6.671,10.067,0.918,68.02,0.745,-0.164,0.854,2014
Armenia,4.453,9.307,0.739,65.84,0.506,-0.218,0.92,2014
Australia,7.289,10.772,0.924,72.6,0.923,0.319,0.442,2014
Austria,6.95,10.882,0.899,71.96,0.885,0.118,0.567,2014
Azerbaijan,5.252,9.607,0.799,64.36,0.733,-0.208,0.654,2014
Bangladesh,4.636,8.164,0.577,62.38,0.736,-0.098,0.789,2014
Belarus,5.812,9.856,0.88,64.62,0.647,-0.048,0.682,2014
Belgium,6.855,10.795,0.944,71.28,0.861,0.001,0.512,2014
Bolivia,5.865,8.953,0.821,62.36,0.881,0.018,0.832,2014
Bosnia and Herzegovina,5.249,9.411,0.788,66.86,0.412,0.232,0.976,2014
Botswana,4.031,9.756,0.859,56.02,0.791,-0.105,0.743,2014
Brazil,6.981,9.664,0.898,65.54,0.714,-0.115,0.71,2014
Bulgaria,4.438,9.838,0.886,66.1,0.576,-0.055,0.955,2014
Burkina Faso,3.481,7.559,0.742,51.86,0.71,-0.004,0.801,2014
Cambodia,3.883,8.121,0.693,60.02,0.938,0.239,0.843,2014
Cameroon,4.24,8.12,0.778,49.9,0.795,-0.071,0.856,2014
Canada,7.304,10.775,0.918,72.84,0.939,0.27,0.442,2014
Chad,3.46,7.532,0.733,46.38,0.567,-0.07,0.881,2014
Chile,6.844,10.059,0.862,69.46,0.733,0.217,0.758,2014
China,5.196,9.386,0.82,68.24,0.85575,-0.217,0.755,2014
Colombia,6.449,9.546,0.907,66.58,0.801,-0.09,0.887,2014
Costa Rica,7.247,9.775,0.914,70.5,0.927,0.01,0.788,2014
Croatia,5.381,10.072,0.646,68.3,0.519,0.132,0.918,2014
Cyprus,5.627,10.406,0.77,72.96,0.715,0.06,0.868,2014
Denmark,7.508,10.862,0.956,71.28,0.942,0.118,0.237,2014
Dominican Republic,5.387,9.582,0.891,64.68,0.905,-0.02,0.76,2014
Ecuador,5.946,9.399,0.831,67.44,0.719,-0.167,0.661,2014
Egypt,4.885,9.245,0.619,60.64,0.578,-0.126,0.749,2014
El Salvador,5.857,8.986,0.798,65.0,0.778,-0.194,0.781,2014
Finland,7.385,10.714,0.952,71.36,0.933,-0.001,0.265,2014
France,6.467,10.674,0.878,73.0,0.803,-0.118,0.656,2014
Georgia,4.288,9.414,0.558,65.04,0.72,-0.233,0.416,2014
Germany,6.984,10.835,0.938,71.22,0.899,0.088,0.474,2014
Ghana,3.86,8.45,0.651,55.62,0.677,0.001,0.913,2014
Greece,4.756,10.257,0.832,71.74,0.369,-0.288,0.93,2014
Guatemala,6.536,8.98,0.834,63.54,0.843,0.108,0.804,2014
Honduras,5.056,8.552,0.79,66.38,0.696,0.015,0.834,2014
Hungary,5.181,10.183,0.845,66.24,0.494,-0.15,0.855,2014
India,4.424,8.538,0.621,58.6,0.809,-0.026,0.832,2014
Indonesia,5.597,9.19,0.905,61.28,0.719,0.408,0.97,2014
Ireland,7.018,10.959,0.968,71.9,0.922,0.264,0.406,2014
Israel,7.401,10.533,0.889,72.64,0.707,0.094,0.818,2014
Italy,6.027,10.599,0.898,72.96,0.624,-0.065,0.92,2014
Japan,5.923,10.575,0.9,74.52,0.838,-0.139,0.617,2014
Jordan,5.333,9.222,0.816,65.9,0.729,-0.104,0.705,2014
Kazakhstan,5.97,10.101,0.795,62.28,0.799,0.004,0.805,2014
Kenya,4.905,8.219,0.765,57.74,0.819,0.172,0.849,2014
Kosovo,5.0,9.129,0.706,63.813,0.441,0.012,0.775,2014
Kyrgyzstan,5.252,8.46,0.898,62.78,0.736,0.355,0.897,2014
Lebanon,5.233,9.739,0.759,65.52,0.657,-0.012,0.939,2014
Lithuania,6.126,10.306,0.908,65.3,0.508,-0.263,0.956,2014
Luxembourg,6.891,11.598,0.875,72.42,0.938,0.106,0.366,2014
Mali,3.975,7.638,0.843,49.84,0.652,-0.037,0.658,2014
Malta,6.452,10.486,0.941,72.08,0.904,0.404,0.67,2014
Mauritania,4.483,8.519,0.853,55.78,0.468,-0.054,0.589,2014
Mexico,6.68,9.847,0.782,67.22,0.779,-0.094,0.63,2014
Moldova,5.917,9.241,0.805,62.58,0.623,-0.113,0.925,2014
Mongolia,4.825,9.304,0.943,61.4,0.752,0.146,0.909,2014
Montenegro,5.283,9.777,0.863,67.74,0.503,0.097,0.768,2014
Nepal,4.975,7.948,0.786,60.0,0.712,0.121,0.841,2014
Netherlands,7.321,10.867,0.909,71.88,0.91,0.331,0.457,2014
New Zealand,7.306,10.592,0.942,72.48,0.932,0.348,0.273,2014
Nicaragua,6.275,8.602,0.839,66.38,0.817,0.104,0.699,2014
Niger,4.181,7.027,0.753,51.48,0.688,-0.046,0.605,2014
North Macedonia,5.204,9.576,0.793,65.053,0.645,0.035,0.861,2014
Pakistan,5.436,8.336,0.552,57.08,0.543,0.14,0.677,2014
Palestinian Territories,4.722,8.457,0.775,62.25,0.657,-0.147,0.804,2014
Panama,6.631,10.217,0.873,69.1,0.894,0.002,0.847,2014
Peru,5.866,9.382,0.819,67.02,0.722,-0.136,0.878,2014
Philippines,5.313,8.85,0.813,61.4,0.902,-0.015,0.787,2014
Poland,5.75,10.197,0.924,67.94,0.875,-0.064,0.898,2014
Portugal,5.127,10.325,0.862,71.6,0.847,-0.126,0.941,2014
Romania,5.727,10.041,0.753,66.08,0.754,-0.1,0.958,2014
Russia,6.037,10.171,0.932,62.68,0.744,-0.265,0.869,2014
Saudi Arabia,6.278,10.783,0.818,65.2,0.762,-0.073,0.684,2014
Senegal,4.395,7.961,0.856,57.94,0.692,-0.045,0.7,2014
Serbia,5.113,9.627,0.783,66.84,0.532,0.072,0.912,2014
Slovakia,6.139,10.244,0.924,67.76,0.635,-0.126,0.914,2014
Slovenia,5.678,10.412,0.908,70.0,0.888,0.052,0.909,2014
South Africa,4.828,9.464,0.881,54.34,0.794,-0.117,0.82,2014
South Korea,5.801,10.546,0.738,72.44,0.623,-0.043,0.834,2014
Spain,6.456,10.492,0.948,73.38,0.738,-0.028,0.854,2014
Sweden,7.239,10.82,0.933,72.22,0.945,0.202,0.25,2014
Taiwan Province of China,6.363,10.798,0.87,69.6,0.693,0.092,0.866,2014
Tajikistan,4.896,7.911,0.81,63.04,0.853,0.002,0.698,2014
Tanzania,3.483,7.734,0.789,55.26,0.654,0.11,0.878,2014
Thailand,6.985,9.672,0.933,66.38,0.9,0.553,0.92,2014
Tunisia,4.764,9.26,0.68,65.82,0.589,-0.232,0.783,2014
Turkey,5.58,10.124,0.863,65.36,0.649,-0.024,0.764,2014
Uganda,3.77,7.611,0.821,53.68,0.834,0.009,0.898,2014
Ukraine,4.297,9.426,0.877,63.4,0.533,0.084,0.927,2014
United Arab Emirates,6.54,11.041,0.8579000000000001,66.48,0.9236000000000001,0.116625,0.472,2014
United Kingdom,6.758,10.697,0.91,71.62,0.857,0.355,0.484,2014
United States,7.151,10.956,0.902,68.62,0.866,0.221,0.702,2014
Uruguay,6.561,9.932,0.902,68.56,0.904,-0.073,0.533,2014
Uzbekistan,6.049,8.659,0.952,64.0,0.954,0.061,0.536,2014
Venezuela,6.136,9.557,0.904,65.86,0.57,-0.199,0.827,2014
Vietnam,5.085,8.716,0.792,67.14,0.89,0.0,0.7827500000000001,2014
Yemen,3.968,8.117,0.638,54.3,0.664,-0.157,0.885,2014
Zimbabwe,4.184,7.991,0.766,52.38,0.642,-0.074,0.82,2014
Afghanistan,3.983,7.702,0.529,53.2,0.389,0.08,0.881,2015
Albania,4.607,9.403,0.639,67.8,0.704,-0.081,0.885,2015
Argentina,6.697,10.083,0.926,68.2,0.881,-0.174,0.851,2015
Armenia,4.348,9.334,0.723,66.0,0.551,-0.203,0.901,2015
Australia,7.309,10.779,0.952,72.7,0.922,0.332,0.357,2015
Austria,7.076,10.881,0.928,72.1,0.9,0.099,0.557,2015
Azerbaijan,5.147,9.606,0.786,64.6,0.764,-0.198,0.616,2015
Bangladesh,4.633,8.216,0.601,62.8,0.815,-0.068,0.721,2015
Belarus,5.719,9.815,0.924,65.2,0.623,-0.091,0.669,2015
Belgium,6.904,10.81,0.885,71.4,0.869,0.062,0.469,2015
Bolivia,5.834,8.985,0.829,62.7,0.884,-0.03,0.862,2015
Bosnia and Herzegovina,5.117,9.457,0.656,66.9,0.631,-0.055,0.96,2015
Botswana,3.762,9.724,0.816,56.8,0.857,-0.116,0.86,2015
Brazil,6.547,9.62,0.907,65.8,0.799,-0.016,0.771,2015
Bulgaria,4.865,9.883,0.908,66.2,0.637,-0.2,0.941,2015
Burkina Faso,4.419,7.568,0.705,52.4,0.659,0.004,0.693,2015
Cambodia,4.162,8.173,0.729,60.4,0.956,0.21,0.825,2015
Cameroon,5.038,8.149,0.646,50.3,0.791,0.049,0.868,2015
Canada,7.413,10.774,0.939,73.0,0.931,0.253,0.427,2015
Chad,4.323,7.527,0.751,46.7,0.474,-0.029,0.889,2015
Chile,6.533,10.07,0.827,69.6,0.769,0.041,0.812,2015
China,5.304,9.449,0.794,68.4,0.85575,-0.244,0.755,2015
Colombia,6.388,9.564,0.89,66.8,0.791,-0.1,0.843,2015
Costa Rica,6.854,9.799,0.878,70.7,0.907,-0.059,0.761,2015
Croatia,5.205,10.104,0.768,68.4,0.694,-0.096,0.849,2015
Cyprus,5.439,10.445,0.77,73.1,0.628,0.114,0.893,2015
Denmark,7.514,10.878,0.96,71.5,0.941,0.222,0.191,2015
Dominican Republic,5.062,9.637,0.893,64.9,0.856,-0.065,0.755,2015
Ecuador,5.964,9.384,0.856,67.6,0.801,-0.114,0.666,2015
Egypt,4.763,9.266,0.73,60.8,0.659,-0.089,0.684,2015
El Salvador,6.018,9.005,0.791,65.2,0.733,-0.156,0.805,2015
Finland,7.448,10.716,0.948,71.6,0.93,0.111,0.223,2015
France,6.358,10.682,0.896,73.2,0.817,-0.139,0.641,2015
Georgia,4.122,9.442,0.517,65.1,0.64,-0.205,0.502,2015
Germany,7.037,10.844,0.926,71.3,0.889,0.178,0.412,2015
Ghana,3.986,8.449,0.687,56.0,0.852,-0.038,0.945,2015
Greece,5.623,10.259,0.835,71.8,0.532,-0.272,0.824,2015
Guatemala,6.465,9.003,0.823,63.9,0.869,0.051,0.822,2015
Honduras,4.845,8.572,0.772,66.6,0.534,-0.097,0.848,2015
Hungary,5.344,10.223,0.859,66.4,0.558,-0.198,0.908,2015
India,4.342,8.604,0.61,58.9,0.777,-0.005,0.776,2015
Indonesia,5.043,9.225,0.809,61.5,0.779,0.471,0.946,2015
Ireland,6.83,11.174,0.953,72.0,0.892,0.233,0.409,2015
Israel,7.079,10.536,0.864,72.7,0.753,0.108,0.789,2015
Italy,5.848,10.608,0.909,73.0,0.575,-0.064,0.913,2015
Japan,5.88,10.588,0.923,74.7,0.832,-0.155,0.654,2015
Jordan,5.405,9.207,0.83,66.2,0.767,-0.046,0.705,2015
Kazakhstan,5.95,10.098,0.931,62.8,0.74,-0.037,0.714,2015
Kenya,4.358,8.249,0.777,58.3,0.793,0.221,0.853,2015
Kosovo,5.077,9.182,0.805,63.813,0.561,0.181,0.851,2015
Kyrgyzstan,4.905,8.477,0.857,63.2,0.813,0.2,0.858,2015
Lebanon,5.172,9.699,0.742,65.6,0.597,0.073,0.889,2015
Lithuania,5.711,10.335,0.929,65.5,0.641,-0.254,0.924,2015
Luxembourg,6.702,11.617,0.934,72.6,0.932,0.052,0.375,2015
Mali,4.582,7.669,0.83,50.2,0.634,-0.068,0.8,2015
Malta,6.613,10.566,0.919,72.2,0.912,0.347,0.664,2015
Mauritania,3.923,8.542,0.875,56.1,0.447,0.055,0.715,2015
Mexico,6.236,9.867,0.761,67.4,0.719,-0.152,0.708,2015
Moldova,6.017,9.246,0.84,62.9,0.595,-0.09,0.943,2015
Mongolia,4.983,9.308,0.906,61.7,0.686,0.173,0.9,2015
Montenegro,5.125,9.81,0.74,67.9,0.583,-0.144,0.781,2015
Nepal,4.812,7.976,0.748,60.2,0.763,0.227,0.824,2015
Netherlands,7.324,10.882,0.879,72.0,0.904,0.261,0.412,2015
New Zealand,7.418,10.608,0.987,72.6,0.942,0.329,0.186,2015
Nicaragua,5.924,8.636,0.827,66.6,0.809,0.077,0.728,2015
Niger,3.671,7.03,0.713,52.0,0.728,-0.032,0.703,2015
North Macedonia,4.976,9.613,0.766,65.145,0.66,-0.047,0.824,2015
Pakistan,4.823,8.361,0.562,57.3,0.587,0.085,0.717,2015
Palestinian Territories,4.695,8.48,0.766,62.25,0.556,-0.153,0.774,2015
Panama,6.606,10.255,0.883,69.3,0.847,-0.007,0.81,2015
Peru,5.577,9.402,0.798,67.2,0.802,-0.09,0.884,2015
Philippines,5.547,8.896,0.854,61.6,0.912,-0.051,0.755,2015
Poland,6.007,10.235,0.893,68.1,0.793,-0.093,0.81,2015
Portugal,5.081,10.347,0.866,71.8,0.8,-0.163,0.941,2015
Romania,5.777,10.083,0.787,66.3,0.796,-0.141,0.962,2015
Russia,5.996,10.149,0.924,63.1,0.685,-0.171,0.913,2015
Saudi Arabia,6.345,10.798,0.82,65.4,0.82,-0.045,0.684,2015
Senegal,4.617,7.995,0.702,58.4,0.72,-0.111,0.765,2015
Serbia,5.318,9.649,0.816,67.0,0.546,-0.062,0.859,2015
Slovakia,6.162,10.291,0.943,68.0,0.587,-0.128,0.928,2015
Slovenia,5.741,10.433,0.901,70.2,0.896,0.008,0.892,2015
South Africa,4.887,9.46,0.898,55.3,0.862,-0.127,0.853,2015
South Korea,5.78,10.568,0.768,72.7,0.616,-0.036,0.841,2015
Spain,6.381,10.531,0.956,73.5,0.732,-0.072,0.822,2015
Sweden,7.289,10.853,0.929,72.3,0.935,0.211,0.232,2015
Taiwan Province of China,6.45,10.842,0.885,69.6,0.701,0.019,0.857,2015
Tajikistan,5.124,7.945,0.844,63.2,0.847,0.022,0.742,2015
Tanzania,3.661,7.764,0.79,56.0,0.759,0.149,0.906,2015
Thailand,6.202,9.699,0.866,66.6,0.885,0.316,0.914,2015
Tunisia,5.132,9.261,0.609,66.0,0.711,-0.226,0.815,2015
Turkey,5.514,10.166,0.851,65.6,0.653,-0.016,0.806,2015
Uganda,4.238,7.627,0.747,54.5,0.758,0.135,0.873,2015
Ukraine,3.965,9.327,0.909,63.7,0.431,-0.033,0.952,2015
United Arab Emirates,6.568,11.086,0.824,66.5,0.915,0.201,0.472,2015
United Kingdom,6.515,10.712,0.936,71.7,0.833,0.3,0.456,2015
United States,6.864,10.977,0.904,68.6,0.849,0.219,0.698,2015
Uruguay,6.628,9.932,0.891,68.7,0.917,-0.032,0.673,2015
Uzbekistan,5.972,8.714,0.968,64.2,0.98,0.375,0.471,2015
Venezuela,5.569,9.001,0.911,65.9,0.512,-0.117,0.813,2015
Vietnam,5.076,8.77,0.849,67.3,0.89,0.086,0.7827500000000001,2015
Yemen,2.983,7.858,0.669,54.3,0.61,-0.139,0.829,2015
Zimbabwe,3.703,7.992,0.736,53.8,0.667,-0.123,0.81,2015
Afghanistan,4.22,7.697,0.559,53.0,0.523,0.042,0.793,2016
Albania,4.511,9.437,0.638,68.1,0.73,-0.017,0.901,2016
Argentina,6.427,10.051,0.883,68.4,0.848,-0.192,0.851,2016
Armenia,4.325,9.333,0.709,66.3,0.611,-0.17,0.921,2016
Australia,7.25,10.791,0.942,73.0,0.922,0.239,0.399,2016
Austria,7.048,10.891,0.926,72.4,0.889,0.08,0.524,2016
Azerbaijan,5.304,9.564,0.777,64.9,0.713,-0.204,0.607,2016
Bangladesh,4.556,8.274,0.649,63.3,0.875,-0.089,0.688,2016
Belarus,5.178,9.788,0.927,65.5,0.658,-0.125,0.664,2016
Belgium,6.949,10.819,0.929,71.6,0.866,-0.056,0.497,2016
Bolivia,5.77,9.012,0.796,63.0,0.882,-0.047,0.853,2016
Bosnia and Herzegovina,5.181,9.5,0.808,67.2,0.633,0.134,0.957,2016
Botswana,3.499,9.748,0.768,57.5,0.852,-0.253,0.729,2016
Brazil,6.375,9.578,0.912,66.0,0.807,-0.1,0.781,2016
Bulgaria,4.838,9.928,0.926,66.4,0.7,-0.17,0.936,2016
Burkina Faso,4.206,7.596,0.764,52.9,0.645,-0.001,0.721,2016
Cambodia,4.461,8.225,0.746,60.8,0.958,0.076,0.84,2016
Cameroon,4.816,8.167,0.659,51.1,0.713,-0.003,0.879,2016
Canada,7.245,10.773,0.924,73.2,0.912,0.211,0.385,2016
Chad,4.029,7.431,0.616,47.2,0.525,0.052,0.82,2016
Chile,6.579,10.074,0.841,69.7,0.652,0.102,0.858,2016
China,5.325,9.51,0.742,68.7,0.85575,-0.228,0.755,2016
Colombia,6.234,9.571,0.882,67.1,0.835,-0.1,0.898,2016
Costa Rica,7.136,9.83,0.901,70.9,0.873,-0.032,0.781,2016
Croatia,5.417,10.146,0.798,69.0,0.672,-0.065,0.884,2016
Cyprus,5.795,10.506,0.786,73.3,0.756,-0.03,0.898,2016
Denmark,7.558,10.903,0.954,71.8,0.948,0.138,0.21,2016
Dominican Republic,5.239,9.691,0.895,65.2,0.873,-0.08,0.737,2016
Ecuador,6.115,9.355,0.842,67.9,0.846,-0.015,0.774,2016
Egypt,4.557,9.287,0.809,61.1,0.656,-0.141,0.818,2016
El Salvador,6.14,9.025,0.794,65.5,0.8,-0.185,0.797,2016
Finland,7.66,10.74,0.954,71.7,0.948,-0.027,0.25,2016
France,6.475,10.69,0.885,73.4,0.787,-0.091,0.623,2016
Georgia,4.448,9.47,0.533,64.9,0.606,-0.249,0.561,2016
Germany,6.874,10.858,0.906,71.6,0.871,0.148,0.446,2016
Ghana,4.514,8.46,0.647,56.4,0.751,0.09,0.894,2016
Greece,5.303,10.261,0.803,72.0,0.482,-0.26,0.898,2016
Guatemala,6.359,9.013,0.811,64.2,0.863,0.011,0.812,2016
Honduras,5.648,8.593,0.774,66.8,0.85,0.08,0.793,2016
Hungary,5.449,10.248,0.9,66.8,0.554,-0.187,0.924,2016
India,4.179,8.673,0.614,59.3,0.82,0.046,0.765,2016
Indonesia,5.136,9.262,0.792,61.7,0.83,0.5,0.89,2016
Ireland,7.041,11.199,0.958,72.1,0.875,0.174,0.399,2016
Israel,7.159,10.555,0.89,72.9,0.772,0.153,0.804,2016
Italy,5.955,10.622,0.927,73.2,0.624,-0.081,0.903,2016
Japan,5.955,10.595,0.9,74.8,0.836,-0.062,0.698,2016
Jordan,5.271,9.197,0.82,66.4,0.771,-0.038,0.705,2016
Kazakhstan,5.534,10.095,0.928,63.4,0.783,-0.036,0.702,2016
Kenya,4.396,8.282,0.706,58.9,0.749,0.298,0.828,2016
Kosovo,5.759,9.228,0.824,63.813,0.827,0.125,0.941,2016
Kyrgyzstan,4.857,8.5,0.914,63.5,0.814,0.056,0.917,2016
Lebanon,5.271,9.687,0.828,66.1,0.657,0.031,0.853,2016
Lithuania,5.866,10.373,0.938,66.1,0.614,-0.266,0.949,2016
Luxembourg,6.967,11.64,0.941,72.6,0.882,0.019,0.356,2016
Mali,4.016,7.695,0.836,50.7,0.696,-0.07,0.862,2016
Malta,6.591,10.599,0.93,72.2,0.916,0.345,0.696,2016
Mauritania,4.472,8.526,0.785,56.4,0.467,-0.175,0.842,2016
Mexico,6.824,9.884,0.893,67.7,0.752,-0.153,0.809,2016
Moldova,5.578,9.3,0.837,63.6,0.557,-0.047,0.969,2016
Mongolia,5.057,9.3,0.947,61.9,0.76,0.09,0.9,2016
Montenegro,5.304,9.839,0.866,68.1,0.569,-0.087,0.849,2016
Nepal,5.1,7.973,0.837,61.3,0.839,0.168,0.817,2016
Netherlands,7.541,10.899,0.926,72.1,0.907,0.239,0.433,2016
New Zealand,7.226,10.623,0.937,72.8,0.927,0.266,0.278,2016
Nicaragua,6.013,8.668,0.853,66.9,0.717,0.039,0.731,2016
Niger,4.235,7.047,0.683,52.5,0.702,-0.016,0.814,2016
North Macedonia,5.346,9.64,0.871,65.225,0.706,0.08,0.87,2016
Pakistan,5.549,8.394,0.627,57.7,0.634,0.095,0.793,2016
Palestinian Territories,4.907,8.498,0.818,62.25,0.608,-0.129,0.812,2016
Panama,6.118,10.287,0.882,69.4,0.884,-0.102,0.837,2016
Peru,5.701,9.426,0.803,67.5,0.83,-0.134,0.866,2016
Philippines,5.431,8.95,0.821,61.7,0.908,-0.071,0.792,2016
Poland,6.162,10.266,0.917,68.5,0.871,-0.091,0.848,2016
Portugal,5.447,10.37,0.905,72.0,0.838,-0.225,0.922,2016
Romania,5.969,10.136,0.809,66.6,0.822,-0.115,0.949,2016
Russia,5.855,10.149,0.911,63.5,0.714,-0.181,0.925,2016
Saudi Arabia,6.474,10.792,0.89,65.7,0.774,-0.132,0.684,2016
Senegal,4.595,8.029,0.839,58.8,0.744,-0.086,0.794,2016
Serbia,5.753,9.688,0.895,67.4,0.614,-0.068,0.89,2016
Slovakia,5.993,10.31,0.945,68.3,0.7,-0.061,0.917,2016
Slovenia,5.937,10.463,0.934,70.5,0.904,-0.055,0.838,2016
South Africa,4.77,9.45,0.875,55.7,0.774,-0.07,0.813,2016
South Korea,5.971,10.593,0.811,73.0,0.591,0.026,0.862,2016
Spain,6.319,10.56,0.942,73.8,0.768,-0.048,0.819,2016
Sweden,7.369,10.861,0.912,72.4,0.918,0.146,0.246,2016
Taiwan Province of China,6.513,10.855,0.895,69.6,0.719,-0.049,0.811,2016
Tajikistan,5.104,7.987,0.857,63.5,0.703,0.01,0.632,2016
Tanzania,2.903,7.8,0.638,56.5,0.775,0.179,0.739,2016
Thailand,6.074,9.729,0.908,66.8,0.924,0.356,0.878,2016
Tunisia,4.521,9.262,0.702,66.3,0.614,-0.165,0.811,2016
Turkey,5.326,10.181,0.88,66.0,0.644,-0.065,0.764,2016
Uganda,4.233,7.637,0.754,54.9,0.739,0.132,0.811,2016
Ukraine,4.029,9.353,0.885,64.0,0.503,0.011,0.891,2016
United Arab Emirates,6.831,11.105,0.849,66.7,0.949,0.131,0.472,2016
United Kingdom,6.824,10.724,0.954,71.9,0.821,0.25,0.458,2016
United States,6.804,10.986,0.897,68.5,0.758,0.144,0.739,2016
Uruguay,6.171,9.946,0.9,68.8,0.886,-0.072,0.676,2016
Uzbekistan,5.893,8.756,0.945,64.5,0.984,0.208,0.49560000000000004,2016
Venezuela,4.041,9.01,0.902,66.1,0.458,-0.155,0.89,2016
Vietnam,5.062,8.82,0.876,67.5,0.894,-0.09,0.799,2016
Yemen,3.826,7.715,0.775,55.1,0.533,-0.151,0.8211111111111111,2016
Zimbabwe,3.735,7.984,0.768,54.4,0.733,-0.095,0.724,2016
Afghanistan,2.662,7.697,0.491,52.8,0.427,-0.121,0.954,2017
Albania,4.64,9.476,0.638,68.4,0.75,-0.029,0.876,2017
Argentina,6.039,10.067,0.907,68.6,0.832,-0.186,0.841,2017
Armenia,4.288,9.402,0.698,66.6,0.614,-0.147,0.865,2017
Australia,7.257,10.798,0.95,73.3,0.911,0.317,0.411,2017
Austria,7.294,10.908,0.906,72.7,0.89,0.133,0.518,2017
Azerbaijan,5.152,9.555,0.787,65.2,0.731,-0.225,0.653,2017
Bangladesh,4.31,8.334,0.713,63.8,0.896,0.012,0.635,2017
Belarus,5.553,9.814,0.9,65.8,0.621,-0.122,0.654,2017
Belgium,6.928,10.834,0.922,71.8,0.857,0.054,0.543,2017
Bolivia,5.651,9.039,0.779,63.3,0.884,-0.12,0.819,2017
Bosnia and Herzegovina,5.09,9.532,0.775,67.5,0.564,0.092,0.923,2017
Botswana,3.505,9.756,0.768,58.2,0.817,-0.248,0.731,2017
Brazil,6.333,9.583,0.905,66.2,0.765,-0.175,0.794,2017
Bulgaria,5.097,9.969,0.942,66.6,0.689,-0.154,0.911,2017
Burkina Faso,4.647,7.627,0.785,53.4,0.614,-0.063,0.727,2017
Cambodia,4.586,8.276,0.765,61.2,0.964,0.088,0.821,2017
Cameroon,5.074,8.176,0.695,51.9,0.767,-0.028,0.844,2017
Canada,7.415,10.792,0.934,73.4,0.945,0.163,0.362,2017
Chad,4.559,7.37,0.661,47.7,0.615,0.008,0.792,2017
Chile,6.32,10.072,0.88,69.8,0.79,-0.02,0.836,2017
China,5.099,9.571,0.772,69.0,0.878,-0.175,0.755,2017
Colombia,6.157,9.569,0.909,67.4,0.838,-0.157,0.875,2017
Costa Rica,7.225,9.858,0.922,71.1,0.936,-0.076,0.742,2017
Croatia,5.343,10.189,0.77,69.6,0.716,-0.104,0.892,2017
Cyprus,6.062,10.539,0.819,73.5,0.812,0.043,0.851,2017
Denmark,7.594,10.916,0.952,72.1,0.955,0.155,0.181,2017
Dominican Republic,5.605,9.725,0.894,65.5,0.855,-0.121,0.76,2017
Ecuador,5.84,9.36,0.849,68.2,0.879,-0.167,0.734,2017
Egypt,3.929,9.307,0.638,61.4,0.593,-0.152,0.8155,2017
El Salvador,6.339,9.042,0.829,65.8,0.758,-0.172,0.778,2017
Finland,7.788,10.768,0.964,71.8,0.962,-0.002,0.192,2017
France,6.635,10.711,0.931,73.6,0.834,-0.123,0.601,2017
Georgia,4.451,9.517,0.59,64.7,0.821,-0.244,0.59,2017
Germany,7.074,10.878,0.892,71.9,0.841,0.145,0.414,2017
Ghana,5.481,8.517,0.669,56.8,0.783,0.079,0.839,2017
Greece,5.148,10.278,0.753,72.2,0.438,-0.29,0.872,2017
Guatemala,6.325,9.026,0.826,64.5,0.915,-0.059,0.8,2017
Honduras,6.02,8.624,0.843,67.0,0.898,0.072,0.783,2017
Hungary,6.065,10.293,0.877,67.2,0.661,-0.139,0.886,2017
India,4.046,8.73,0.607,59.7,0.886,-0.042,0.781,2017
Indonesia,5.098,9.3,0.796,61.9,0.865,0.488,0.9,2017
Ireland,7.06,11.266,0.943,72.2,0.905,0.216,0.337,2017
Israel,7.331,10.57,0.916,73.1,0.768,0.145,0.793,2017
Italy,6.199,10.64,0.92,73.4,0.633,-0.035,0.867,2017
Japan,5.911,10.618,0.882,74.9,0.849,-0.206,0.659,2017
Jordan,4.808,9.194,0.815,66.6,0.766,-0.152,0.705,2017
Kazakhstan,5.882,10.121,0.914,64.0,0.745,-0.035,0.755,2017
Kenya,4.476,8.306,0.715,59.5,0.853,0.234,0.854,2017
Kosovo,6.149,9.262,0.792,63.813,0.858,0.117,0.925,2017
Kyrgyzstan,5.63,8.526,0.883,63.8,0.859,0.143,0.874,2017
Lebanon,5.154,9.681,0.777,66.6,0.605,-0.074,0.911,2017
Lithuania,6.273,10.429,0.926,66.7,0.749,-0.174,0.79,2017
Luxembourg,7.061,11.634,0.905,72.6,0.903,0.044,0.33,2017
Mali,4.742,7.718,0.741,51.2,0.753,-0.069,0.863,2017
Malta,6.676,10.635,0.937,72.2,0.924,0.253,0.69,2017
Mauritania,4.678,8.533,0.779,56.7,0.527,-0.153,0.777,2017
Mexico,6.41,9.893,0.8,68.0,0.861,-0.202,0.801,2017
Moldova,5.326,9.363,0.831,64.3,0.553,-0.053,0.926,2017
Mongolia,5.334,9.334,0.924,62.1,0.675,0.119,0.865,2017
Montenegro,5.615,9.885,0.881,68.3,0.626,-0.083,0.756,2017
Nepal,4.737,8.039,0.816,62.4,0.845,0.134,0.77,2017
Netherlands,7.459,10.921,0.937,72.2,0.92,0.25,0.363,2017
New Zealand,7.327,10.633,0.955,73.0,0.942,0.294,0.222,2017
Nicaragua,6.476,8.7,0.838,67.2,0.922,0.01,0.673,2017
Niger,4.616,7.058,0.582,53.0,0.684,-0.03,0.778,2017
North Macedonia,5.234,9.65,0.8,65.303,0.752,-0.059,0.856,2017
Pakistan,5.831,8.428,0.69,58.1,0.713,0.045,0.714,2017
Palestinian Territories,4.628,8.485,0.824,62.25,0.632,-0.163,0.831,2017
Panama,6.568,10.324,0.912,69.5,0.9,-0.17,0.841,2017
Peru,5.711,9.434,0.83,67.8,0.827,-0.154,0.895,2017
Philippines,5.594,9.002,0.851,61.8,0.926,-0.141,0.711,2017
Poland,6.201,10.314,0.882,68.9,0.831,-0.122,0.639,2017
Portugal,5.711,10.407,0.9,72.2,0.905,-0.176,0.881,2017
Romania,6.09,10.211,0.811,66.9,0.839,-0.16,0.926,2017
Russia,5.579,10.166,0.896,63.9,0.731,-0.145,0.862,2017
Saudi Arabia,6.294,10.764,0.84,66.0,0.814,-0.131,0.684,2017
Senegal,4.683,8.072,0.744,59.2,0.687,-0.044,0.825,2017
Serbia,5.122,9.713,0.884,67.8,0.685,-0.077,0.851,2017
Slovakia,6.366,10.339,0.913,68.6,0.714,-0.055,0.92,2017
Slovenia,6.167,10.509,0.928,70.8,0.921,-0.025,0.829,2017
South Africa,4.514,9.45,0.87,56.1,0.787,-0.129,0.865,2017
South Korea,5.874,10.621,0.807,73.3,0.538,0.014,0.851,2017
Spain,6.23,10.586,0.903,74.1,0.756,-0.032,0.791,2017
Sweden,7.287,10.873,0.914,72.5,0.935,0.17,0.239,2017
Taiwan Province of China,6.359,10.871,0.891,69.6,0.76,-0.07,0.743,2017
Tajikistan,5.829,8.036,0.663,63.8,0.832,0.124,0.718,2017
Tanzania,3.347,7.836,0.705,57.0,0.8,0.116,0.654,2017
Thailand,5.939,9.765,0.877,67.0,0.923,0.212,0.884,2017
Tunisia,4.124,9.269,0.717,66.6,0.478,-0.219,0.869,2017
Turkey,5.607,10.238,0.876,66.4,0.644,-0.237,0.671,2017
Uganda,4.001,7.638,0.74,55.3,0.772,0.06,0.816,2017
Ukraine,4.311,9.382,0.858,64.3,0.599,-0.002,0.937,2017
United Arab Emirates,7.039,11.115,0.836,66.9,0.962,0.216,0.472,2017
United Kingdom,7.103,10.736,0.937,72.1,0.813,0.291,0.419,2017
United States,6.992,11.001,0.921,68.4,0.868,0.197,0.681,2017
Uruguay,6.336,9.968,0.914,68.9,0.898,-0.091,0.627,2017
Uzbekistan,6.421,8.782,0.942,64.8,0.985,0.123,0.465,2017
Venezuela,5.071,9.073,0.896,66.3,0.636,-0.169,0.844,2017
Vietnam,5.175,8.876,0.8266,67.7,0.89,-0.030700000000000005,0.7827500000000001,2017
Yemen,3.254,7.578,0.79,55.9,0.595,-0.147,0.8211111111111111,2017
Zimbabwe,3.638,8.016,0.754,55.0,0.753,-0.098,0.751,2017
Afghanistan,2.694,7.692,0.508,52.6,0.374,-0.094,0.928,2018
Albania,5.004,9.518,0.684,68.7,0.824,0.009,0.899,2018
Argentina,5.793,10.032,0.9,68.8,0.846,-0.211,0.855,2018
Armenia,5.062,9.451,0.814,66.9,0.808,-0.163,0.677,2018
Australia,7.177,10.811,0.94,73.6,0.916,0.146,0.405,2018
Austria,7.396,10.928,0.912,73.0,0.904,0.053,0.523,2018
Azerbaijan,5.168,9.562,0.781,65.5,0.772,-0.232,0.561,2018
Bangladesh,4.499,8.399,0.706,64.3,0.901,-0.043,0.701,2018
Belarus,5.234,9.846,0.905,66.1,0.644,-0.174,0.718,2018
Belgium,6.892,10.844,0.93,72.0,0.808,-0.125,0.63,2018
Bolivia,5.916,9.066,0.827,63.6,0.863,-0.093,0.786,2018
Bosnia and Herzegovina,5.887,9.576,0.836,67.8,0.659,0.123,0.913,2018
Botswana,3.461,9.778,0.795,58.9,0.818,-0.254,0.807,2018
Brazil,6.191,9.589,0.882,66.4,0.751,-0.117,0.763,2018
Bulgaria,5.099,10.007,0.924,66.8,0.724,-0.176,0.952,2018
Burkina Faso,4.927,7.665,0.665,53.9,0.721,-0.013,0.757,2018
Cambodia,5.122,8.333,0.795,61.6,0.958,0.036,0.8372999999999999,2018
Cameroon,5.251,8.19,0.677,52.7,0.816,0.036,0.884,2018
Canada,7.175,10.798,0.923,73.6,0.946,0.106,0.372,2018
Chad,4.486,7.363,0.577,48.2,0.65,0.024,0.763,2018
Chile,6.436,10.097,0.89,69.9,0.789,-0.06,0.816,2018
China,5.131,9.632,0.788,69.3,0.895,-0.159,0.755,2018
Colombia,5.984,9.579,0.871,67.7,0.851,-0.148,0.855,2018
Costa Rica,7.141,9.874,0.876,71.3,0.942,-0.107,0.781,2018
Croatia,5.536,10.224,0.91,70.2,0.691,-0.151,0.925,2018
Cyprus,6.276,10.567,0.826,73.7,0.794,-0.022,0.848,2018
Denmark,7.649,10.935,0.958,72.4,0.935,0.018,0.151,2018
Dominican Republic,5.433,9.782,0.862,65.8,0.867,-0.15,0.762,2018
Ecuador,6.128,9.355,0.851,68.5,0.869,-0.099,0.831,2018
Egypt,4.005,9.338,0.759,61.7,0.682,-0.215,0.8155,2018
El Salvador,6.241,9.061,0.82,66.1,0.863,-0.095,0.801,2018
Finland,7.858,10.783,0.962,71.9,0.938,-0.127,0.199,2018
France,6.666,10.727,0.921,73.8,0.816,-0.138,0.582,2018
Georgia,4.659,9.565,0.617,64.5,0.775,-0.233,0.755,2018
Germany,7.118,10.89,0.92,72.2,0.877,0.034,0.496,2018
Ghana,5.004,8.555,0.761,57.2,0.817,0.062,0.846,2018
Greece,5.409,10.299,0.794,72.4,0.564,-0.335,0.86,2018
Guatemala,6.627,9.042,0.841,64.8,0.91,-0.01,0.765,2018
Honduras,5.908,8.643,0.827,67.2,0.872,0.099,0.804,2018
Hungary,5.936,10.344,0.941,67.6,0.693,-0.243,0.911,2018
India,3.818,8.779,0.638,60.1,0.89,0.085,0.805,2018
Indonesia,5.34,9.339,0.809,62.1,0.879,0.512,0.868,2018
Ireland,6.962,11.332,0.938,72.3,0.861,0.144,0.362,2018
Israel,6.927,10.585,0.91,73.3,0.725,0.055,0.77,2018
Italy,6.517,10.65,0.913,73.6,0.65,-0.021,0.888,2018
Japan,5.794,10.623,0.886,75.0,0.773,-0.261,0.687,2018
Jordan,4.639,9.196,0.8,66.8,0.762,-0.186,0.705,2018
Kazakhstan,6.008,10.148,0.937,64.6,0.84,-0.098,0.824,2018
Kenya,4.656,8.344,0.707,60.1,0.821,0.291,0.844,2018
Kosovo,6.392,9.296,0.822,63.813,0.89,0.269,0.922,2018
Kyrgyzstan,5.297,8.543,0.898,64.1,0.945,0.267,0.907,2018
Lebanon,5.167,9.656,0.829,67.1,0.607,-0.066,0.907,2018
Lithuania,6.309,10.474,0.929,67.3,0.699,-0.237,0.852,2018
Luxembourg,7.243,11.645,0.902,72.6,0.884,-0.022,0.385,2018
Mali,4.416,7.733,0.692,51.7,0.737,-0.034,0.793,2018
Malta,6.91,10.67,0.932,72.2,0.927,0.179,0.595,2018
Mauritania,4.314,8.526,0.802,57.0,0.467,-0.112,0.711,2018
Mexico,6.55,9.903,0.858,68.3,0.816,-0.179,0.809,2018
Moldova,5.682,9.423,0.892,65.0,0.824,-0.084,0.929,2018
Mongolia,5.465,9.386,0.942,62.3,0.696,0.054,0.849,2018
Montenegro,5.65,9.934,0.856,68.5,0.626,-0.051,0.769,2018
Nepal,4.91,8.087,0.768,63.5,0.77,0.122,0.742,2018
Netherlands,7.463,10.941,0.939,72.3,0.92,0.161,0.371,2018
New Zealand,7.37,10.66,0.954,73.2,0.949,0.12,0.207,2018
Nicaragua,5.819,8.647,0.854,67.5,0.797,0.009,0.713,2018
Niger,5.164,7.087,0.612,53.5,0.791,0.009,0.637,2018
North Macedonia,5.24,9.677,0.849,65.389,0.745,-0.041,0.91,2018
Pakistan,5.472,8.464,0.685,58.5,0.773,0.069,0.799,2018
Palestinian Territories,4.554,8.475777777777777,0.819,62.25,0.655,-0.14466666666666667,0.814,2018
Panama,6.281,10.343,0.904,69.6,0.861,-0.131,0.837,2018
Peru,5.68,9.456,0.845,68.1,0.83,-0.178,0.906,2018
Philippines,5.869,9.05,0.846,61.9,0.918,-0.108,0.726,2018
Poland,6.111,10.366,0.863,69.3,0.87,-0.254,0.72,2018
Portugal,5.92,10.434,0.887,72.4,0.877,-0.261,0.88,2018
Romania,6.151,10.26,0.818,67.2,0.845,-0.217,0.921,2018
Russia,5.514,10.191,0.909,64.3,0.729,-0.147,0.865,2018
Saudi Arabia,6.356,10.771,0.868,66.3,0.855,-0.192,0.684,2018
Senegal,4.769,8.106,0.739,59.6,0.629,-0.074,0.805,2018
Serbia,5.936,9.762,0.853,68.2,0.74,-0.1,0.864,2018
Slovakia,6.235,10.376,0.922,68.9,0.758,-0.167,0.91,2018
Slovenia,6.249,10.546,0.941,71.1,0.942,-0.119,0.839,2018
South Africa,4.884,9.444,0.841,56.5,0.753,-0.05,0.841,2018
South Korea,5.84,10.643,0.798,73.6,0.6,-0.089,0.797,2018
Spain,6.513,10.605,0.91,74.4,0.722,-0.075,0.777,2018
Sweden,7.375,10.881,0.931,72.6,0.942,0.077,0.263,2018
Taiwan Province of China,6.467,10.788777777777778,0.896,69.6,0.741,-0.001555555555555557,0.736,2018
Tajikistan,5.497,8.082,0.875,64.1,0.7854444444444444,-0.065,0.578,2018
Tanzania,3.445,7.859,0.675,57.5,0.807,0.153,0.612,2018
Thailand,6.012,9.803,0.873,67.2,0.905,0.259,0.907,2018
Tunisia,4.741,9.284,0.733,66.9,0.65,-0.191,0.84,2018
Turkey,5.186,10.251,0.847,66.8,0.529,-0.176,0.805,2018
Uganda,4.322,7.66,0.74,55.7,0.729,0.079,0.856,2018
Ukraine,4.662,9.42,0.901,64.6,0.663,-0.074,0.943,2018
United Arab Emirates,6.604,11.112,0.851,67.1,0.944,0.054,0.472,2018
United Kingdom,7.233,10.743,0.928,72.3,0.838,0.226,0.404,2018
United States,6.883,11.025,0.904,68.3,0.825,0.116,0.71,2018
Uruguay,6.372,9.98,0.917,69.0,0.876,-0.097,0.683,2018
Uzbekistan,6.205,8.818,0.921,65.1,0.97,0.318,0.52,2018
Venezuela,5.006,9.424222222222221,0.887,66.5,0.611,-0.1781111111111111,0.828,2018
Vietnam,5.296,8.934,0.832,67.9,0.909,-0.041,0.808,2018
Yemen,3.058,8.012555555555556,0.789,56.7,0.553,-0.152,0.793,2018
Zimbabwe,3.616,8.049,0.775,55.6,0.763,-0.068,0.844,2018
Afghanistan,2.375,7.697,0.42,52.4,0.394,-0.108,0.924,2019
Albania,4.995,9.544,0.686,69.0,0.777,-0.099,0.914,2019
Argentina,6.086,10.0,0.896,69.0,0.817,-0.211,0.83,2019
Armenia,5.488,9.522,0.782,67.2,0.844,-0.172,0.583,2019
Australia,7.234,10.815,0.943,73.9,0.918,0.121,0.43,2019
Austria,7.195,10.939,0.964,73.3,0.903,0.06,0.457,2019
Azerbaijan,5.173,9.575,0.887,65.8,0.854,-0.214,0.457,2019
Bangladesh,5.114,8.467,0.673,64.8,0.902,-0.051,0.656,2019
Belarus,5.821,9.86,0.917,66.4,0.657,-0.186,0.546,2019
Belgium,6.772,10.853,0.884,72.2,0.776,-0.172,0.672,2019
Bolivia,5.674,9.074,0.784,63.9,0.881,-0.086,0.857,2019
Bosnia and Herzegovina,6.016,9.609,0.873,68.1,0.722,0.079,0.963,2019
Botswana,3.471,9.785,0.774,59.6,0.833,-0.239,0.792,2019
Brazil,6.451,9.592,0.899,66.6,0.83,-0.062,0.762,2019
Bulgaria,5.108,10.047,0.948,67.0,0.822,-0.109,0.943,2019
Burkina Faso,4.741,7.691,0.683,54.4,0.678,-0.004,0.729,2019
Cambodia,4.998,8.387,0.759,62.0,0.957,0.013,0.828,2019
Cameroon,4.937,8.203,0.711,53.5,0.712,-0.008,0.817,2019
Canada,7.109,10.8,0.925,73.8,0.912,0.112,0.436,2019
Chad,4.251,7.365,0.64,48.7,0.537,0.055,0.832,2019
Chile,5.942,10.095,0.869,70.0,0.659,-0.103,0.86,2019
China,5.144,9.688,0.822,69.6,0.927,-0.173,0.755,2019
Colombia,6.35,9.598,0.873,68.0,0.822,-0.172,0.854,2019
Costa Rica,6.998,9.885,0.906,71.5,0.927,-0.146,0.836,2019
Croatia,5.626,10.258,0.936,70.8,0.739,-0.137,0.932,2019
Cyprus,6.137,10.585,0.776,73.9,0.74,-0.008,0.865,2019
Denmark,7.693,10.954,0.958,72.7,0.963,0.02,0.174,2019
Dominican Republic,6.004,9.821,0.884,66.1,0.877,-0.123,0.746,2019
Ecuador,5.809,9.339,0.808,68.8,0.83,-0.115,0.839,2019
Egypt,4.328,9.373,0.772,62.0,0.774,-0.199,0.8155,2019
El Salvador,6.455,9.08,0.764,66.4,0.877,-0.109,0.682,2019
Finland,7.78,10.792,0.937,72.0,0.948,-0.052,0.195,2019
France,6.69,10.74,0.958,74.0,0.827,-0.133,0.568,2019
Georgia,4.892,9.617,0.675,64.3,0.811,-0.26,0.647,2019
Germany,7.035,10.893,0.886,72.5,0.885,0.057,0.462,2019
Ghana,4.967,8.596,0.746,57.6,0.787,0.116,0.857,2019
Greece,5.952,10.319,0.891,72.6,0.614,-0.289,0.848,2019
Guatemala,6.262,9.064,0.774,65.1,0.901,-0.062,0.773,2019
Honduras,5.93,8.653,0.797,67.4,0.846,0.063,0.815,2019
Hungary,6.0,10.393,0.947,68.0,0.798,-0.195,0.884,2019
India,3.249,8.818,0.561,60.5,0.876,0.112,0.752,2019
Indonesia,5.347,9.377,0.802,62.3,0.866,0.555,0.861,2019
Ireland,7.255,11.371,0.944,72.4,0.892,0.074,0.373,2019
Israel,7.332,10.601,0.946,73.5,0.834,0.085,0.743,2019
Italy,6.445,10.655,0.838,73.8,0.709,-0.082,0.866,2019
Japan,5.908,10.632,0.878,75.1,0.806,-0.255,0.617,2019
Jordan,4.453,9.201,0.793,67.0,0.726,-0.165,0.705,2019
Kazakhstan,6.272,10.179,0.951,65.2,0.852,-0.055,0.708,2019
Kenya,4.619,8.373,0.676,60.7,0.818,0.31,0.794,2019
Kosovo,6.425,9.339,0.843,63.813,0.841,0.247,0.92,2019
Kyrgyzstan,5.685,8.567,0.877,64.4,0.92,-0.002,0.885,2019
Lebanon,4.024,9.597,0.866,67.6,0.447,-0.081,0.89,2019
Lithuania,6.064,10.518,0.918,67.9,0.78,-0.251,0.783,2019
Luxembourg,7.404,11.648,0.912,72.6,0.93,-0.045,0.39,2019
Mali,4.988,7.752,0.755,52.2,0.67,-0.038,0.846,2019
Malta,6.733,10.677,0.922,72.2,0.924,0.087,0.689,2019
Mauritania,4.153,8.556,0.798,57.3,0.628,-0.102,0.743,2019
Mexico,6.432,9.891,0.852,68.6,0.903,-0.141,0.809,2019
Moldova,5.803,9.475,0.809,65.7,0.784,-0.092,0.884,2019
Mongolia,5.563,9.418,0.946,62.5,0.711,0.149,0.873,2019
Montenegro,5.386,9.97,0.832,68.7,0.694,-0.105,0.82,2019
Nepal,5.449,8.136,0.772,64.6,0.79,0.167,0.712,2019
Netherlands,7.425,10.953,0.941,72.4,0.886,0.213,0.36,2019
New Zealand,7.205,10.666,0.939,73.4,0.912,0.157,0.234,2019
Nicaragua,6.113,8.595,0.874,67.8,0.883,0.029,0.622,2019
Niger,5.004,7.106,0.677,54.0,0.831,0.026,0.729,2019
North Macedonia,5.015,9.711,0.815,65.474,0.725,0.024,0.923,2019
Pakistan,4.443,8.453,0.617,58.9,0.685,0.124,0.776,2019
Palestinian Territories,4.483,8.475777777777777,0.833,62.25,0.653,-0.14466666666666667,0.829,2019
Panama,6.086,10.356,0.886,69.7,0.883,-0.199,0.869,2019
Peru,5.999,9.461,0.809,68.4,0.815,-0.13,0.874,2019
Philippines,6.268,9.095,0.845,62.0,0.91,-0.083,0.748,2019
Poland,6.242,10.407,0.878,69.7,0.883,-0.231,0.696,2019
Portugal,6.095,10.457,0.876,72.6,0.882,-0.234,0.915,2019
Romania,6.13,10.306,0.842,67.5,0.848,-0.221,0.954,2019
Russia,5.441,10.205,0.91,64.7,0.715,-0.116,0.848,2019
Saudi Arabia,6.561,10.757,0.912,66.6,0.891,-0.147,0.684,2019
Senegal,5.489,8.13,0.688,60.0,0.759,-0.019,0.796,2019
Serbia,6.241,9.808,0.903,68.6,0.753,-0.04,0.813,2019
Slovakia,6.243,10.398,0.933,69.2,0.771,-0.129,0.926,2019
Slovenia,6.665,10.563,0.949,71.4,0.945,-0.102,0.785,2019
South Africa,5.035,9.432,0.848,56.9,0.738,-0.134,0.82,2019
South Korea,5.903,10.661,0.783,73.9,0.706,-0.055,0.718,2019
Spain,6.457,10.618,0.949,74.7,0.778,-0.049,0.73,2019
Sweden,7.398,10.882,0.934,72.7,0.942,0.091,0.25,2019
Taiwan Province of China,6.537,10.788777777777778,0.893,69.6,0.814,-0.001555555555555557,0.718,2019
Tajikistan,5.464,8.126,0.88,64.4,0.7854444444444444,-0.045,0.49,2019
Tanzania,3.64,7.886,0.687,58.0,0.85,0.1,0.589,2019
Thailand,6.022,9.824,0.903,67.4,0.898,0.309,0.877,2019
Tunisia,4.315,9.283,0.61,67.2,0.659,-0.209,0.889,2019
Turkey,4.872,10.246,0.792,67.2,0.631,-0.136,0.76,2019
Uganda,4.948,7.688,0.805,56.1,0.704,0.139,0.826,2019
Ukraine,4.702,9.458,0.883,64.9,0.715,-0.081,0.885,2019
United Arab Emirates,6.711,11.114,0.862,67.3,0.911,0.129,0.472,2019
United Kingdom,7.157,10.751,0.943,72.5,0.854,0.271,0.485,2019
United States,6.944,11.043,0.917,68.2,0.836,0.144,0.707,2019
Uruguay,6.6,9.979,0.933,69.1,0.903,-0.095,0.599,2019
Uzbekistan,6.154,8.853,0.915,65.4,0.97,0.304,0.511,2019
Venezuela,5.081,9.424222222222221,0.888,66.7,0.626,-0.1781111111111111,0.839,2019
Vietnam,5.467,8.992,0.848,68.1,0.952,-0.126,0.788,2019
Yemen,4.197,8.012555555555556,0.87,57.5,0.651,-0.152,0.798,2019
Zimbabwe,2.694,7.95,0.759,56.2,0.632,-0.064,0.831,2019
Finland,7.842,10.775,0.954,72.0,0.949,-0.098,0.186,2021
Denmark,7.62,10.933,0.954,72.7,0.946,0.03,0.179,2021
Netherlands,7.464,10.932,0.942,72.4,0.913,0.175,0.338,2021
Sweden,7.363,10.867,0.934,72.7,0.945,0.086,0.237,2021
Luxembourg,7.324,11.647,0.908,72.6,0.907,-0.034,0.386,2021
New Zealand,7.277,10.643,0.948,73.4,0.929,0.134,0.242,2021
Austria,7.268,10.906,0.934,73.3,0.908,0.042,0.481,2021
Australia,7.183,10.796,0.94,73.9,0.914,0.159,0.442,2021
Israel,7.157,10.575,0.939,73.503,0.8,0.031,0.753,2021
Germany,7.155,10.873,0.903,72.5,0.875,0.011,0.46,2021
Canada,7.103,10.776,0.926,73.8,0.915,0.089,0.415,2021
Ireland,7.085,11.342,0.947,72.4,0.879,0.077,0.363,2021
Costa Rica,7.069,9.88,0.891,71.4,0.934,-0.126,0.809,2021
United Kingdom,7.064,10.707,0.934,72.5,0.859,0.233,0.459,2021
United States,6.951,11.023,0.92,68.2,0.837,0.098,0.698,2021
Belgium,6.834,10.823,0.906,72.199,0.783,-0.153,0.646,2021
France,6.69,10.704,0.942,74.0,0.822,-0.147,0.571,2021
Malta,6.602,10.674,0.931,72.2,0.927,0.133,0.653,2021
Taiwan Province of China,6.584,10.871,0.898,69.6,0.784,-0.07,0.721,2021
United Arab Emirates,6.561,11.085,0.844,67.333,0.932,0.074,0.589,2021
Saudi Arabia,6.494,10.743,0.891,66.603,0.877,-0.149,0.684,2021
Spain,6.491,10.571,0.932,74.7,0.761,-0.081,0.745,2021
Italy,6.483,10.623,0.88,73.8,0.693,-0.084,0.866,2021
Slovenia,6.461,10.529,0.948,71.4,0.949,-0.101,0.806,2021
Guatemala,6.435,9.053,0.813,64.958,0.906,-0.038,0.775,2021
Uruguay,6.431,9.966,0.925,69.1,0.896,-0.092,0.59,2021
Kosovo,6.372,9.318,0.821,63.813,0.869,0.257,0.917,2021
Slovakia,6.331,10.369,0.936,69.201,0.766,-0.124,0.911,2021
Brazil,6.33,9.577,0.882,66.601,0.804,-0.071,0.756,2021
Mexico,6.317,9.859,0.831,68.597,0.862,-0.147,0.799,2021
Lithuania,6.255,10.499,0.935,67.906,0.773,-0.203,0.826,2021
Cyprus,6.223,10.576,0.802,73.898,0.763,-0.015,0.844,2021
Panama,6.18,10.35,0.896,69.652,0.872,-0.166,0.856,2021
Uzbekistan,6.179,8.836,0.918,65.255,0.97,0.311,0.515,2021
Chile,6.172,10.071,0.882,70.0,0.742,-0.044,0.83,2021
Poland,6.166,10.382,0.898,69.702,0.841,-0.165,0.735,2021
Kazakhstan,6.152,10.155,0.952,65.2,0.853,-0.069,0.733,2021
Romania,6.14,10.284,0.832,67.355,0.845,-0.219,0.938,2021
Serbia,6.078,9.787,0.873,68.6,0.778,0.002,0.835,2021
El Salvador,6.061,9.054,0.762,66.402,0.888,-0.11,0.688,2021
Colombia,6.012,9.557,0.847,68.001,0.837,-0.135,0.841,2021
Hungary,5.992,10.358,0.943,68.0,0.755,-0.186,0.876,2021
Thailand,5.985,9.805,0.888,67.401,0.884,0.287,0.895,2021
Nicaragua,5.972,8.62,0.864,67.657,0.836,0.02,0.664,2021
Japan,5.94,10.611,0.884,75.1,0.796,-0.258,0.638,2021
Argentina,5.929,9.962,0.898,69.0,0.828,-0.182,0.834,2021
Portugal,5.929,10.421,0.879,72.6,0.892,-0.244,0.887,2021
Honduras,5.919,8.648,0.812,67.3,0.857,0.081,0.809,2021
Croatia,5.882,10.217,0.924,70.799,0.754,-0.118,0.939,2021
Philippines,5.88,9.076,0.83,62.0,0.917,-0.097,0.742,2021
South Korea,5.845,10.651,0.799,73.9,0.672,-0.083,0.727,2021
Peru,5.84,9.458,0.832,68.25,0.822,-0.154,0.891,2021
Bosnia and Herzegovina,5.813,9.59,0.87,68.098,0.706,0.113,0.931,2021
Moldova,5.766,9.454,0.857,65.699,0.822,-0.079,0.918,2021
Ecuador,5.764,9.313,0.821,68.8,0.842,-0.124,0.843,2021
Kyrgyzstan,5.744,8.538,0.893,64.401,0.935,0.119,0.908,2021
Greece,5.723,10.279,0.823,72.6,0.582,-0.288,0.823,2021
Bolivia,5.716,9.046,0.81,63.901,0.875,-0.077,0.839,2021
Mongolia,5.677,9.4,0.935,62.5,0.708,0.116,0.856,2021
Montenegro,5.581,9.94,0.858,68.699,0.708,-0.034,0.812,2021
Dominican Republic,5.545,9.802,0.853,66.102,0.86,-0.133,0.714,2021
Belarus,5.534,9.853,0.91,66.253,0.65,-0.18,0.627,2021
Russia,5.477,10.189,0.903,64.703,0.718,-0.111,0.845,2021
Tajikistan,5.466,8.091,0.86,64.281,0.832,-0.056,0.553,2021
Vietnam,5.411,8.973,0.85,68.034,0.94,-0.098,0.796,2021
Indonesia,5.345,9.365,0.811,62.236,0.873,0.542,0.867,2021
China,5.339,9.673,0.811,69.593,0.904,-0.146,0.755,2021
Armenia,5.283,9.487,0.799,67.055,0.825,-0.168,0.629,2021
Nepal,5.269,8.12,0.774,64.233,0.782,0.152,0.727,2021
Bulgaria,5.266,10.016,0.931,67.0,0.788,-0.096,0.932,2021
Azerbaijan,5.171,9.569,0.836,65.656,0.814,-0.223,0.506,2021
Cameroon,5.142,8.189,0.71,53.515,0.731,0.026,0.848,2021
Senegal,5.132,8.118,0.71,59.802,0.695,-0.046,0.801,2021
Albania,5.117,9.52,0.697,68.999,0.785,-0.03,0.901,2021
North Macedonia,5.101,9.693,0.805,65.474,0.751,0.038,0.905,2021
Ghana,5.088,8.58,0.727,57.586,0.807,0.123,0.848,2021
Niger,5.074,7.098,0.641,53.78,0.806,0.018,0.693,2021
Bangladesh,5.025,8.454,0.693,64.8,0.877,-0.041,0.682,2021
South Africa,4.956,9.403,0.86,56.904,0.749,-0.067,0.86,2021
Turkey,4.948,10.24,0.822,67.199,0.576,-0.139,0.776,2021
Pakistan,4.934,8.458,0.651,58.709,0.726,0.098,0.787,2021
Venezuela,4.892,9.073,0.861,66.7,0.615,-0.169,0.827,2021
Georgia,4.891,9.585,0.671,64.3,0.783,-0.238,0.655,2021
Ukraine,4.875,9.436,0.888,64.902,0.724,-0.011,0.924,2021
Burkina Faso,4.834,7.678,0.672,54.151,0.695,-0.009,0.748,2021
Cambodia,4.83,8.36,0.765,62.0,0.959,0.034,0.843,2021
Mali,4.723,7.744,0.724,51.969,0.697,-0.036,0.827,2021
Uganda,4.636,7.677,0.781,56.101,0.709,0.122,0.855,2021
Kenya,4.607,8.361,0.688,60.704,0.779,0.287,0.825,2021
Tunisia,4.596,9.266,0.691,67.201,0.656,-0.201,0.87,2021
Lebanon,4.584,9.626,0.848,67.355,0.525,-0.073,0.898,2021
Palestinian Territories,4.517,8.485,0.826,62.25,0.653,-0.163,0.821,2021
Jordan,4.395,9.182,0.767,67.0,0.755,-0.167,0.705,2021
Chad,4.355,7.364,0.619,48.478,0.579,0.041,0.807,2021
Egypt,4.283,9.367,0.75,61.998,0.749,-0.182,0.795,2021
Mauritania,4.227,8.542,0.795,57.161,0.561,-0.106,0.731,2021
India,3.819,8.755,0.603,60.633,0.893,0.089,0.774,2021
Yemen,3.658,7.578,0.832,57.122,0.602,-0.147,0.8,2021
Tanzania,3.623,7.876,0.702,57.999,0.833,0.183,0.577,2021
Botswana,3.467,9.782,0.784,59.269,0.824,-0.246,0.801,2021
Zimbabwe,3.145,7.943,0.75,56.201,0.677,-0.047,0.821,2021
Afghanistan,2.523,7.695,0.463,52.493,0.382,-0.102,0.924,2021
